INSERT INTO usuarios  VALUES (1033879, 'koch.sedrick@example.com', '12fe9c36f714320c133fa1ada893af95bb4b5b2c', 'Gretchen', 'Keeling', '86150 Grant Ridge\nNew Justine, TX 69196-9341', 'South Gerhardland', 24, 1, 1);
INSERT INTO usuarios  VALUES (1148279, 'fboyle@example.com', 'c0c049715293e65dceec09e77b781873bdea0610', 'Bernard', 'Okuneva', "5297 Ken Prairie\nMariliestad, TX 07713", 'South Ashleeview', 19, 1, 0);
INSERT INTO usuarios  VALUES (1447893, 'gutkowski.maurine@example.org', 'bcfc9cfe5b6b032ea0fe74059536a6be13fe6a11', 'Forrest', 'Bartoletti', '55324 Turcotte Plaza Apt. 350\nNorth Kayleighville, NJ 07854', 'Carlitown', 55, 0, 0);
INSERT INTO usuarios  VALUES (1609971, 'odessa.nikolaus@example.org', '9e48141380e9120a7d34f43d794608d8552ce4b8', 'Hailee', 'O\Reilly', '329 Jensen Loop\nAnastasiachester, ND 33027-8385', 'Kunzeland', 18, 1, 1);
INSERT INTO usuarios  VALUES (2525549, 'tmarks@example.net', '0ac31a4b6bc7d0a09f0a2dfe0cda2c143778a7e6', 'Brendan', 'Wehner', '7769 Denesik Forges\nZemlakfort, SD 68606', 'Jenkinsborough', 62, 1, 1);
INSERT INTO usuarios  VALUES (2939388, 'ludie06@example.com', '998277e322d74b29a4b0d048a54d7aed7addafa0', 'Delfina', 'Koepp', '277 Monique Road\nSouth Genovevaberg, OK 76950-3392', 'Andreaneview', 23, 0, 1);
INSERT INTO usuarios  VALUES (4485295, 'willis.cormier@example.com', 'b8ec1afce328a8eb2fb4f679e856c7e40cb4fe44', 'Harrison', 'Johns', '78068 Akeem Ville Suite 446\nNew Hope, NM 90675-6555', 'Port Kingport', 36, 0, 2);
INSERT INTO usuarios  VALUES (4690374, 'laila37@example.net', '4e0078a2dc9892c8cefd383d6a2db7b4e467261a', 'Vernie', 'Kuhic', '473 Ahmed Island Apt. 537\nWizaside, NH 39112', 'Wuckertborough', 33, 0, 0);
INSERT INTO usuarios  VALUES (4767072, 'yebert@example.net', '3c649062042720197a7ca73b960591a5bfa5c77e', 'Georgette', 'Koch', '87714 Bradtke Parkway\nBartonmouth, FL 99978', 'South Nathanaelberg', 67, 0, 2);
INSERT INTO usuarios  VALUES (4895756, 'mark29@example.net', '45667d8a369e9611964060ba4ee980d10cc20d7a', 'Stone', 'Considine', '571 Hilpert Trace Apt. 727\nFlavieton, IA 46875', 'Port Coralietown', 31, 1, 0);
INSERT INTO usuarios  VALUES (5630168, 'taryn12@example.org', '803c16e1d7955bdfb8981ed071733dcaa4c56082', 'Casandra', 'Goyette', '54707 Sonia Haven\nO\'Kontown, AR 27766-4734', 'Erintown', 29, 0, 2);
INSERT INTO usuarios  VALUES (5634881, 'nstark@example.com', '5caee12411bf3b71f0f4c86e4e1865fb06ca2130', 'Naomie', 'Stanton', '769 Bartoletti Parkways\nEast Kassandraside, RI 15606-7070', 'North Tierraport', 70, 0, 0);
INSERT INTO usuarios  VALUES (6654497, 'blanda.destany@example.org', 'd3f6355d95432fe6faacfc01e9f288133a784aae', 'Florence', 'Labadie', '11514 Ferry Views Apt. 464\nSouth Lesleyview, KS 24592-7048', 'Bernicebury', 31, 1, 1);
INSERT INTO usuarios  VALUES (6778394, 'zlangosh@example.org', 'aad678df76624aa2624654e54b57e6ccb73fcc21', 'Lucinda', 'Wisoky', '9854 Audreanne Knoll Apt. 706\nEast Joshuahaven, IL 46087', 'Orinside', 69, 0, 1);
INSERT INTO usuarios  VALUES (7282539, 'akeem83@example.net', 'a53f762a278d6fc4c5467bddae2babd512577e28', 'Buddy', 'Lynch', '154 Delia Plain Apt. 829\nLeuschkeview, MI 55516', 'Danykashire', 24, 0, 2);
INSERT INTO usuarios  VALUES (8238956, 'qdaniel@example.net', '9539aaa76530ee3e5e053d72ff401d81f9d5aa27', 'Mason', 'Klocko', '83531 McClure Mission Apt. 399\nWest Casey, KS 17469-4198', 'North Reyes', 20, 0, 2);
INSERT INTO usuarios  VALUES (8259677, 'alysson.flatley@example.net', '4d42cd32fdca99aceed9b699d3b49ef9f8a46b05', 'Patricia', 'Kerluke', '6608 Francisco Forest\nAdriennehaven, MO 79524', 'East Branson', 37, 1, 1);
INSERT INTO usuarios  VALUES (8823891, 'ramon.d\'amore@example.com', 'd5287359f7c25ebdc803456c990348e838354512', 'Sherman', 'Keebler', '276 Leuschke Shore\nPort Bryceton, AZ 67934-7231', 'East Felixberg', 25, 0, 1);
INSERT INTO usuarios  VALUES (8962212, 'bell90@example.org', 'bbbf38220d6017ebb9130e98b7bde81428bc97a4', 'Kathryne', 'Greenholt', '5772 Nader Vista\nWiegandland, DE 69653-5849', 'Port Opal', 49, 0, 1);
INSERT INTO usuarios  VALUES (9485626, 'alittle@example.net', '94c1bb6a8ad939f27243ba13641fd78feaab6576', 'Kirsten', 'Fisher', '73412 Ted Hill\nLake Constanceside, PA 89730-2808', 'Balistrerifort', 56, 0, 1);


INSERT INTO eventos  VALUES (246810, 'Officia voluptatem amet cum excepturi.', 'Dolor porro hic magnam labore id deserunt ut. Inventore expedita quos qui quibusdam sit. Blanditiis sequi distinctio qui itaque et odio porro similique. Corrupti saepe id ullam debitis consequatur est quo magni.', '1991-07-13', '2017-12-27', 13.74, 366, 2, 35, 15);
INSERT INTO eventos  VALUES (310998, 'Libero quas incidunt et.', 'Fugit ut provident deleniti. Molestias possimus quia fugiat sed suscipit sed. Optio reprehenderit quam voluptas aut qui voluptate. Officia non ut qui.', '1984-02-18', '1990-08-31', 31.79, 933, 7, 35, 72);
INSERT INTO eventos  VALUES (334289, 'Veniam assumenda dolor qui autem.', 'Natus a consequatur id vel aut. Culpa amet repudiandae libero repudiandae corrupti aliquam. Occaecati impedit ducimus et dolor qui. Minus cumque omnis voluptatum fuga quo. Porro iusto architecto voluptates laborum.', '1992-06-16', '2006-07-02', 35.13, 700, 8, 56, 54);
INSERT INTO eventos  VALUES (356147, 'Soluta ut assumenda quo nesciunt assumen', 'Voluptates accusantium iure dolore asperiores. A exercitationem eius nam ad qui ullam. Aperiam eum sint animi odit. Inventore repellendus et qui voluptatem blanditiis est ipsam.', '2013-04-02', '2018-04-18', 29.17, 119, 6, 56, 77);
INSERT INTO eventos  VALUES (370008, 'Qui et ut sit consequuntur.', 'Eveniet consequatur veniam reprehenderit sapiente. Suscipit tenetur sit dolorem commodi. Atque perspiciatis asperiores ea ut nemo.', '2012-07-03', '1981-02-10', 18.99, 734, 3, 89, 71);
INSERT INTO eventos  VALUES (434930, 'Laborum ut qui eos ducimus quis suscipit', 'Sint rerum eum minus omnis. Dolores voluptas nam dicta animi earum est incidunt. Doloremque repellendus omnis eius doloribus laborum et non.', '1998-02-10', '1997-01-26', 22.12, 556, 7, 41, 23);
INSERT INTO eventos  VALUES (696502, 'Cum labore iure ea dolorem vero dolores ', 'Laborum aut placeat sapiente dolores nulla ea dignissimos. Voluptatibus magnam quo enim cupiditate temporibus qui.', '1974-12-23', '2009-01-11', 22.62, 465, 7, 19, 53);
INSERT INTO eventos  VALUES (798416, 'Enim et suscipit rerum quia.', 'Neque id accusantium itaque unde. Velit nulla quasi officiis ea praesentium. Eos magni eius necessitatibus nisi fugiat quibusdam perferendis.', '1981-10-20', '2017-04-12', 36.47, 369, 5, 95, 43);
INSERT INTO eventos  VALUES (799512, 'Fugiat id maiores aperiam dignissimos vi', 'Necessitatibus et est repellendus eum facere. Impedit vitae temporibus earum dolores et asperiores autem. Magni labore consequuntur unde totam qui illo eos.', '1991-10-20', '2007-10-20', 25.46, 932, 6, 49, 85);
INSERT INTO eventos  VALUES (1016888, 'Omnis laudantium et quasi nostrum quae m', 'Laborum dolorum harum distinctio velit ex culpa ut. Excepturi aspernatur est error cupiditate dolorem.', '2003-02-17', '1988-09-14', 14.25, 811, 5, 21, 100);
INSERT INTO eventos  VALUES (1021366, 'Quo magnam facere consequatur et sit qua', 'Quaerat qui dicta hic. Et et iusto laudantium voluptatem id quia inventore possimus.', '1981-07-22', '2019-09-08', 37.71, 114, 7, 43, 18);
INSERT INTO eventos  VALUES (1061871, 'Ut cum voluptatibus qui illo fugiat debi', 'Sapiente optio quo vitae laborum. Illo quis est voluptatem laudantium illum asperiores et. Sed iste sed quod eum minima autem. Consequatur voluptates esse qui commodi quis.', '2016-04-18', '1993-09-07', 21.74, 241, 5, 74, 79);
INSERT INTO eventos  VALUES (1153983, 'Eligendi libero exercitationem error con', 'Consectetur provident repellendus praesentium excepturi. Consequatur est fuga voluptas non omnis eius. Alias ducimus occaecati doloremque esse et aliquid. Est temporibus doloribus consequuntur id fugit dolor eum.', '2015-09-22', '2019-06-12', 39.01, 127, 10, 24, 96);
INSERT INTO eventos  VALUES (1558073, 'Itaque ut earum aut a maxime.', 'Officiis consequatur fuga dolor voluptatem maxime quam quasi. Eveniet ullam consequatur unde rerum. Ut ex consequatur et consequatur et dolore.', '2020-08-27', '2010-05-10', 13.11, 459, 9, 98, 65);
INSERT INTO eventos  VALUES (1622624, 'Fugit eveniet quaerat est qui officiis e', 'Qui omnis voluptatem non aut molestiae molestias tempora. Labore vero nulla cupiditate voluptas. Saepe odit non ipsum et et excepturi.', '1991-08-29', '1970-03-03', 27.5, 330, 4, 35, 44);
INSERT INTO eventos  VALUES (1717552, 'Sint sit impedit unde pariatur repudiand', 'Cupiditate sed sed harum cupiditate sed sint rem. Culpa ut laborum eaque sit maiores. Incidunt earum quod nisi consequatur cupiditate expedita.', '1981-10-10', '1987-11-10', 19.76, 770, 10, 79, 80);
INSERT INTO eventos  VALUES (1803560, 'Nemo labore illum vel quo qui.', 'Omnis cupiditate est quae neque. Eos ut accusamus numquam eius nostrum in. Voluptas aut vel qui ut.', '1995-02-25', '1977-03-15', 36.07, 131, 5, 100, 26);
INSERT INTO eventos  VALUES (1813222, 'Reiciendis rerum qui et error sed.', 'Cum nihil adipisci dolore itaque. Illo adipisci ipsa quos et aut illo ullam. Quod quo perferendis qui laborum officiis dolorum velit. Voluptas consequatur reprehenderit libero vitae repellat.', '2018-02-08', '1994-10-05', 27.52, 546, 5, 76, 29);
INSERT INTO eventos  VALUES (1889217, 'Ullam velit et et neque.', 'Distinctio est adipisci maiores ipsam vel eius. Excepturi veritatis beatae reprehenderit ipsum ut sit et. Similique voluptatem dicta aliquam dicta. Sit nisi in ex natus iste quia.', '1994-06-19', '2021-01-05', 30.27, 482, 4, 10, 48);
INSERT INTO eventos  VALUES (2171172, 'Ullam modi dignissimos aliquid repellat ', 'Nesciunt qui voluptatem qui doloremque repudiandae assumenda labore. Suscipit enim ullam enim rerum harum magnam harum. Nulla laborum in veniam tempore quas officia voluptatum. Consequatur quia rerum adipisci reiciendis.', '2002-02-09', '2011-11-15', 32.59, 673, 3, 27, 62);
INSERT INTO eventos  VALUES (2246840, 'Aut maxime veniam architecto et recusand', 'Cum enim amet excepturi quia iusto est libero. Corporis pariatur unde ratione omnis voluptatem cum illo. Molestiae minus reiciendis odio ipsa.', '2020-06-27', '2020-08-04', 26.45, 322, 3, 37, 41);
INSERT INTO eventos  VALUES (2406324, 'Aliquid aut aut velit sunt necessitatibu', 'Est qui cupiditate quis officiis ut omnis aspernatur. Iusto quia temporibus eaque dolorum.', '2007-07-05', '1988-03-01', 36.7, 477, 2, 45, 88);
INSERT INTO eventos  VALUES (2487196, 'Et provident nihil quaerat blanditiis.', 'Velit suscipit animi libero ducimus similique commodi doloribus. Et odit sunt ut blanditiis sit doloribus eligendi. Ea iste similique eos autem aut hic. Laborum suscipit sint aliquid numquam sed.', '1998-12-26', '2012-08-13', 20.52, 383, 10, 36, 46);
INSERT INTO eventos  VALUES (2768908, 'Asperiores maxime et aspernatur quasi qu', 'Fugiat et similique quo aut. Est qui voluptas pariatur rem.', '1987-03-28', '1970-02-27', 16.36, 726, 3, 23, 75);
INSERT INTO eventos  VALUES (3028958, 'Cum deleniti dolorum animi voluptate sin', 'Molestiae numquam consequuntur ratione sint. Impedit et unde reprehenderit quasi atque dolorem. Ut soluta suscipit voluptas officiis neque dicta cum consectetur.', '1985-02-18', '2021-03-03', 26.51, 623, 10, 64, 97);
INSERT INTO eventos  VALUES (3075310, 'Nisi tenetur delectus velit quidem nisi.', 'Ut similique fugit eos tenetur. Et est consequuntur laborum. Eius ipsum dolor in ut dolorem amet beatae qui. Dicta qui pariatur ut voluptatem.', '2005-01-13', '1974-01-29', 18.61, 835, 5, 69, 56);
INSERT INTO eventos  VALUES (3196390, 'Incidunt maxime quisquam animi sit alias', 'Aliquam dolores doloribus animi qui rem. Iusto et dolorum et et corrupti et et. Est et et illo est. Sit voluptates voluptates voluptatem voluptate veritatis eum.', '2012-02-16', '1980-01-18', 32.87, 498, 6, 66, 27);
INSERT INTO eventos  VALUES (3210561, 'Nesciunt velit cum dignissimos.', 'Cupiditate aliquam error voluptatem voluptatem eveniet. Nihil earum id fuga eos optio commodi. Dolor veniam qui qui ducimus accusamus sunt nostrum soluta. Doloremque qui commodi ut perferendis culpa consequatur.', '2006-02-05', '1974-07-28', 22.48, 91, 4, 59, 47);
INSERT INTO eventos  VALUES (3265438, 'Et ut quis voluptatem similique.', 'Repellat ipsa odio nam quia explicabo provident expedita omnis. Nemo voluptatem asperiores ipsum quos itaque. Similique eum ut ab perspiciatis repudiandae impedit earum. Accusantium non iste incidunt qui minima voluptatem sunt neque.', '1989-11-14', '2015-09-03', 32.97, 171, 7, 88, 74);
INSERT INTO eventos  VALUES (3293425, 'Qui sed repellat dolores id dolorem.', 'Eum eaque totam ab perspiciatis sit dicta quo. Est quia inventore aspernatur quos error veniam. Possimus officiis alias et numquam rem ut. In corrupti quaerat sed eum deserunt.', '1992-11-25', '1973-09-29', 36.83, 394, 1, 42, 58);
INSERT INTO eventos  VALUES (3328087, 'Quis dolorum ut minus vero molestias et ', 'Explicabo officiis dicta repellat excepturi recusandae. Perferendis perspiciatis minima vel quis et. Perspiciatis neque rem provident est molestiae debitis aperiam. Voluptas ullam sunt nihil voluptates quisquam vitae aliquid.', '1988-03-06', '1981-01-06', 22.44, 599, 7, 40, 26);
INSERT INTO eventos  VALUES (3504573, 'Necessitatibus exercitationem ut unde na', 'Molestias porro nobis et quibusdam praesentium. Deleniti autem adipisci consectetur voluptates. Repudiandae voluptatum ullam dolor omnis quo consequuntur. Consectetur maxime enim est rem cum qui.', '1999-12-16', '2003-07-06', 21.67, 145, 6, 16, 57);
INSERT INTO eventos  VALUES (3775997, 'Iusto et deleniti est dicta odio quidem.', 'Aut accusantium impedit quas culpa culpa inventore consequuntur. Dolorem blanditiis repellat vel repellat dolores.', '2001-09-07', '1971-05-26', 28.17, 98, 6, 55, 71);
INSERT INTO eventos  VALUES (4215163, 'Cupiditate aut qui molestiae velit commo', 'Voluptatem vel ipsam quam quidem voluptatibus. Dolores eum esse laborum cupiditate sint eos sint. Fugiat ut est voluptatibus.', '1971-06-06', '2010-03-17', 31.68, 689, 5, 38, 57);
INSERT INTO eventos  VALUES (4285669, 'Recusandae ipsa facilis vel voluptates.', 'Vel quam officiis dolor consequatur explicabo enim. Necessitatibus quam distinctio aliquam enim velit cupiditate. Nobis temporibus quaerat sapiente a pariatur quis.', '2019-04-27', '2006-05-04', 11.64, 699, 10, 32, 18);
INSERT INTO eventos  VALUES (4335192, 'Commodi ipsa non et.', 'Similique non dolores est a eos aliquam est. Sequi explicabo totam commodi ut soluta ducimus ab. Voluptas veniam non consequatur. Aut maxime error non.', '2005-11-27', '1992-07-16', 11.62, 841, 2, 47, 94);
INSERT INTO eventos  VALUES (4492909, 'Aut illum repellendus neque fugiat nulla', 'Et sed quas earum est accusantium. Aut fugit inventore natus ad quia voluptatem qui. Nulla omnis iste unde asperiores deleniti. Facilis numquam quia et ut molestiae sint.', '2011-10-18', '1988-07-21', 20.88, 781, 8, 97, 36);
INSERT INTO eventos  VALUES (4501462, 'Consectetur temporibus fugit veniam odio', 'Architecto dolores fugiat quo accusamus sit. Occaecati voluptatem et hic ea error. Necessitatibus est amet quo quasi omnis.', '1971-07-28', '1971-11-25', 15.81, 690, 8, 98, 13);
INSERT INTO eventos  VALUES (4671042, 'At nesciunt maxime distinctio laudantium', 'Iste at quia ipsum repellendus quasi. Quia atque eaque maxime quia. Rem illo sunt temporibus laboriosam a.', '1978-01-16', '1994-01-02', 16.2, 978, 8, 92, 25);
INSERT INTO eventos  VALUES (4685534, 'Aliquam dicta et mollitia fugiat qui vol', 'Aut ullam iure nam in rem est. Adipisci ducimus consequatur et veniam. Dolor sit dicta neque veritatis distinctio deserunt.', '1996-10-25', '1976-03-17', 11.12, 769, 10, 95, 65);
INSERT INTO eventos  VALUES (4778704, 'Magni sapiente odio dolores qui iusto ut', 'Dolorem atque et accusantium et perferendis aliquid. Fugiat quibusdam nihil sed tempora enim eum suscipit sed. Distinctio rerum dolor at illo est excepturi.', '2016-12-21', '1982-05-01', 20.97, 122, 7, 35, 58);
INSERT INTO eventos  VALUES (4890810, 'Quidem aperiam reprehenderit et libero o', 'Ut hic velit non eaque. Vel numquam atque quisquam harum qui nam. Debitis eos a iusto quia maiores laudantium. Quo nisi est non reprehenderit asperiores quo. Ut rerum ipsum possimus optio voluptas.', '1971-05-30', '1983-05-28', 23.45, 829, 3, 22, 60);
INSERT INTO eventos  VALUES (5047648, 'Totam et qui voluptatibus dolorem ducimu', 'Voluptas temporibus aut repellat quia autem quaerat qui. Eveniet in aliquam ratione velit laborum aspernatur voluptates. Maiores culpa ratione aut ullam.', '2017-04-05', '1973-06-02', 28.16, 377, 9, 44, 26);
INSERT INTO eventos  VALUES (5146381, 'Eveniet ad nihil ipsam nulla adipisci.', 'Sint ad omnis voluptatem sint facilis sit esse laboriosam. Et ut et commodi. Harum distinctio magni culpa consequuntur asperiores.', '2008-12-31', '1991-01-03', 37.09, 205, 10, 14, 55);
INSERT INTO eventos  VALUES (5238710, 'Similique neque distinctio quaerat expli', 'Et sed consequatur voluptatibus enim. Sed ea dignissimos voluptatem. Recusandae id unde ut a.', '1999-11-09', '1976-01-24', 13.5, 949, 8, 69, 83);
INSERT INTO eventos  VALUES (5451998, 'Illo vero provident rerum recusandae.', 'A explicabo nihil nihil optio a quod dolorem aliquam. Laboriosam dolore harum est explicabo vero quo. Similique est veritatis officiis rerum consequuntur sunt.', '1970-10-20', '1972-07-18', 33.57, 182, 3, 16, 91);
INSERT INTO eventos  VALUES (5623662, 'Sint magnam ut aut incidunt sit nam erro', 'Occaecati deleniti qui debitis et eum sequi quia. Quis excepturi minus nam autem molestiae. Aut voluptas soluta dolorem commodi neque dolore neque.', '1979-07-13', '1990-07-11', 11.54, 258, 2, 42, 86);
INSERT INTO eventos  VALUES (5683586, 'Non velit ad sed ut quia facere nihil qu', 'Nobis exercitationem vero deleniti nulla saepe commodi numquam. Vel consequatur nisi voluptas neque voluptatem. Facilis et aut qui temporibus accusantium quis. Odio rem quo eaque laborum enim doloremque.', '2009-06-13', '1974-10-27', 29.01, 681, 1, 74, 67);
INSERT INTO eventos  VALUES (5718630, 'Ipsum sed laudantium est pariatur dolore', 'Illum quisquam dolore non est ut praesentium repudiandae. Qui nihil porro delectus molestias modi id neque.', '1987-07-02', '1988-11-28', 21.65, 235, 7, 43, 23);
INSERT INTO eventos  VALUES (6093303, 'Et et magnam vel ut facilis quia.', 'Qui dicta et quas repudiandae. Velit eum voluptatem commodi placeat provident. Cupiditate nulla in et placeat consequatur. Ut quo excepturi enim expedita autem nam omnis rem.', '1985-04-30', '2007-12-22', 31.79, 770, 10, 13, 26);
INSERT INTO eventos  VALUES (6155231, 'Rem aut necessitatibus totam voluptatem ', 'Ullam sunt totam quasi amet libero eligendi et. Nostrum quod sapiente dolore qui excepturi et. Non soluta ab minus quia beatae facere.', '2015-08-12', '2001-11-17', 29.66, 144, 5, 70, 44);
INSERT INTO eventos  VALUES (6231916, 'Et dolores iure alias aperiam illo et.', 'Eius rerum sed porro quam. Et tempore pariatur et non. Vel impedit libero maiores itaque consectetur quibusdam.', '2019-09-05', '1993-09-16', 35.87, 503, 9, 46, 14);
INSERT INTO eventos  VALUES (6282157, 'Iste recusandae omnis rerum soluta quis ', 'Dicta exercitationem velit quis dolores culpa. Beatae dolorem quia accusamus iusto et est ut. Quam voluptate vel placeat velit.', '2004-07-29', '1979-01-09', 29.75, 370, 9, 37, 68);
INSERT INTO eventos  VALUES (6286285, 'Cupiditate recusandae quidem cupiditate ', 'Corporis corrupti reiciendis iusto et facere. Aut qui et cupiditate dolores. Rem voluptatibus voluptatem quia quia quam dolorum.', '1997-03-24', '1977-12-20', 38.45, 489, 7, 30, 14);
INSERT INTO eventos  VALUES (6443221, 'Assumenda reiciendis quidem sed nulla.', 'Sapiente laboriosam inventore incidunt sit. Neque quam soluta culpa beatae commodi praesentium qui possimus. Tempore ea repellendus quibusdam sit.', '1995-01-22', '2016-09-06', 28.86, 441, 2, 40, 68);
INSERT INTO eventos  VALUES (6540741, 'Delectus ab ut ducimus aut quidem.', 'Voluptatem quisquam deleniti qui autem porro autem. Vel omnis ipsa et voluptas accusantium ipsa sit. Atque tenetur nobis consequatur molestiae. Et quia fuga ipsum illum ut rerum at.', '1980-12-26', '1970-07-01', 22.61, 986, 3, 67, 68);
INSERT INTO eventos  VALUES (6571271, 'Dolores nihil occaecati autem natus fuga', 'Id adipisci dolorem et. Ut accusantium dolores est pariatur temporibus. Id animi qui rerum dolor sapiente culpa. Ducimus et laboriosam totam ab amet.', '1980-01-29', '1989-11-13', 17.56, 79, 9, 96, 20);
INSERT INTO eventos  VALUES (6637440, 'Aut nobis et quas sapiente quos ratione.', 'Quis atque alias exercitationem quaerat optio. Voluptatem ab ut corporis. Est iure consequuntur numquam explicabo deserunt architecto id. Voluptatum molestias quia exercitationem officiis nobis suscipit.', '1987-01-27', '2006-09-29', 32.94, 499, 5, 51, 34);
INSERT INTO eventos  VALUES (6663005, 'Repellat accusamus voluptas veniam repud', 'Nihil aliquam sed rerum mollitia consequatur hic. Quis in reiciendis magnam qui est in in. Provident maiores autem ut ut.', '2003-02-22', '2019-02-11', 19.72, 640, 10, 72, 22);
INSERT INTO eventos  VALUES (6702173, 'Ad totam porro sed fugit et assumenda su', 'Omnis laudantium sit consequatur consequuntur alias porro. Consequatur iusto rerum sed aliquid. Nam architecto harum sit est fuga exercitationem laborum.', '1989-12-07', '1974-08-20', 11.8, 614, 2, 26, 41);
INSERT INTO eventos  VALUES (6971001, 'Ratione odit natus laborum nostrum molli', 'Necessitatibus facilis quas hic. Rerum tempore minima possimus alias et iste. Eaque labore eum similique aspernatur maiores. Id minima sequi in quas.', '1973-11-23', '2012-04-19', 14.16, 54, 1, 71, 34);
INSERT INTO eventos  VALUES (6972923, 'Reiciendis tempore voluptas atque conseq', 'Praesentium ipsum voluptas quia inventore. Nihil culpa qui ut omnis autem enim laudantium. Sit enim suscipit consectetur et placeat perspiciatis. Odio quis enim accusamus repellat nisi similique praesentium.', '1980-04-28', '1974-04-04', 31.95, 490, 3, 69, 33);
INSERT INTO eventos  VALUES (7071277, 'Corporis rerum commodi sed itaque dolore', 'Voluptatem ad ratione modi quae sunt aliquid adipisci. Quia et praesentium ipsa dolor consequuntur architecto cum quibusdam. Quaerat alias et voluptatum deleniti.', '1979-12-10', '2020-05-27', 17.37, 415, 1, 59, 14);
INSERT INTO eventos  VALUES (7252981, 'Expedita laboriosam velit consequatur et', 'Illo fugiat et dolorem laboriosam reiciendis ea necessitatibus. Quis provident illo ea voluptate accusamus. Qui accusamus libero ratione.', '1974-06-06', '2000-01-31', 27.42, 453, 10, 99, 30);
INSERT INTO eventos  VALUES (7259957, 'Error architecto omnis minus numquam non', 'Quo inventore aut omnis. Distinctio qui voluptas esse. Qui vitae delectus dolorem dolores nam. Quasi ad id ut maxime libero officia.', '2016-09-18', '1989-10-14', 37.86, 442, 4, 80, 23);
INSERT INTO eventos  VALUES (7279821, 'Et ullam aut eos non.', 'Non a dolorem illo. Cum reiciendis animi quia alias sit. Doloribus debitis asperiores consequatur error unde qui nisi.', '2021-03-07', '1998-01-07', 22.01, 662, 10, 61, 72);
INSERT INTO eventos  VALUES (7302916, 'Fugit autem sapiente quis ab.', 'Ut sit ut sit voluptatem. Ullam nihil saepe voluptates quia quae voluptatem.', '2004-08-09', '1975-02-15', 22.04, 619, 5, 42, 51);
INSERT INTO eventos  VALUES (7312869, 'Explicabo ut necessitatibus voluptatem e', 'Voluptatem corrupti fugit velit quos velit. Sit officiis earum non dolorum sit dolores quos. Soluta quaerat in praesentium expedita.', '1970-06-15', '2006-10-27', 27.96, 385, 4, 71, 47);
INSERT INTO eventos  VALUES (7316225, 'Mollitia omnis sed quibusdam pariatur ve', 'Quo non odio aut rem quia. Consequatur atque officia voluptas adipisci. Voluptas vel omnis est laboriosam magni impedit magnam. Qui reiciendis exercitationem et.', '2006-02-24', '2005-11-08', 31.78, 510, 8, 29, 51);
INSERT INTO eventos  VALUES (7400868, 'Dignissimos quibusdam et commodi ipsa.', 'Nesciunt est omnis nostrum alias. Et quia ipsa et sint minus.', '1977-01-22', '2001-12-14', 25.18, 493, 8, 56, 78);
INSERT INTO eventos  VALUES (7422991, 'Iste quos nostrum est unde.', 'Rerum non iusto facilis et. Ullam consequatur culpa sit eius animi rerum. Eos quibusdam dolorum sed sit temporibus ea.', '2009-03-10', '1999-12-31', 23.02, 348, 10, 37, 80);
INSERT INTO eventos  VALUES (7622336, 'Dolorem perferendis corrupti consectetur', 'Dolorem fugiat explicabo vero qui reiciendis. Quisquam et dignissimos odit cupiditate quia sunt. Est suscipit qui esse ut ullam.', '2001-12-11', '2002-01-10', 32.44, 396, 10, 72, 60);
INSERT INTO eventos  VALUES (7636672, 'Voluptas laudantium adipisci qui dolor a', 'Impedit blanditiis molestiae quam accusamus qui non ratione. Minus voluptatem voluptatem occaecati ut. Sit ducimus eum omnis nemo quam.', '1975-04-09', '1993-05-08', 9.57, 446, 5, 95, 64);
INSERT INTO eventos  VALUES (7661670, 'Rerum omnis magnam ut quidem sunt.', 'Perferendis esse dolores cumque et minus. Aut at repudiandae atque voluptates commodi ipsum. Aut tempora perspiciatis omnis magnam debitis. Distinctio nam eos omnis vel aut qui.', '1983-11-13', '2002-11-11', 19.71, 396, 4, 30, 66);
INSERT INTO eventos  VALUES (7668882, 'Ut dolore consectetur nostrum neque comm', 'Enim laboriosam dolor omnis qui. Quia quia expedita earum ipsa. Officiis recusandae iusto occaecati architecto quod mollitia possimus. Provident molestias ut nihil animi.', '1982-07-05', '1976-09-23', 25.81, 451, 6, 97, 63);
INSERT INTO eventos  VALUES (7865160, 'Repudiandae maiores adipisci nobis autem', 'Tempora voluptate est consectetur rerum sunt quia ipsa. Perspiciatis recusandae velit sit quo explicabo. Molestias blanditiis quia magnam occaecati quisquam consequuntur nostrum molestiae.', '1978-01-05', '1973-02-21', 26.94, 667, 1, 13, 98);
INSERT INTO eventos  VALUES (7872649, 'Aut corrupti non suscipit voluptas.', 'Odit dolores aut sed eveniet veritatis nihil esse. Id doloremque laboriosam dolore et non. Qui doloremque velit quae recusandae ducimus earum.', '2015-10-31', '1978-03-10', 37.34, 371, 10, 97, 70);
INSERT INTO eventos  VALUES (7974768, 'Ut eum sed consectetur omnis et optio co', 'Blanditiis sed recusandae ullam nobis. Eos nesciunt dignissimos labore atque voluptates sed. Cumque repellendus occaecati praesentium optio quidem aliquam.', '2015-07-10', '1985-07-30', 20, 294, 2, 32, 73);
INSERT INTO eventos  VALUES (8065852, 'Soluta animi in ad voluptatem.', 'Et quidem quasi impedit placeat nobis sint. Deleniti beatae dolorem est sapiente. Vitae ut dicta sed ex autem magni. Ut rerum et asperiores est animi sapiente ut.', '2004-05-12', '1982-03-14', 12, 163, 3, 77, 93);
INSERT INTO eventos  VALUES (8068649, 'Mollitia accusamus qui voluptatem corrup', 'Provident maxime harum perferendis voluptates. Tempore voluptas est illo soluta. Enim et aut aperiam. Dicta et et veritatis.', '1979-10-29', '2017-04-26', 20.91, 822, 9, 88, 70);
INSERT INTO eventos  VALUES (8114085, 'Voluptatem nemo nam quia aut et.', 'Eaque sint et molestiae assumenda enim ipsa ut. Ullam delectus autem iure doloribus. Modi amet molestiae commodi ratione.', '2017-08-30', '2003-09-26', 10, 642, 10, 19, 13);
INSERT INTO eventos  VALUES (8254830, 'Quaerat dignissimos ipsam et aut vel omn', 'Eveniet facilis tempore nesciunt est dolor ea. Mollitia id voluptas nobis unde eaque voluptatem. Molestiae voluptas pariatur aut nam omnis mollitia ex veniam.', '2004-05-22', '2013-07-05', 3.46, 386, 8, 30, 37);
INSERT INTO eventos  VALUES (8363414, 'Voluptates iusto architecto ut.', 'Minus autem ipsum non et quae. Sed repudiandae eligendi earum voluptatem. Vel provident et nesciunt earum ratione ut laboriosam.', '2016-09-07', '2002-06-17', 33.29, 219, 6, 20, 73);
INSERT INTO eventos  VALUES (8490562, 'Aut cupiditate quibusdam rerum vitae lau', 'Voluptatem autem voluptatem fugiat quam. Ea excepturi mollitia consequatur repellat animi repudiandae sit rem. Ipsam est aut sit veritatis nihil. Ut sit et accusantium minima quas error.', '2015-10-13', '1980-01-22', 10.48, 303, 6, 13, 55);
INSERT INTO eventos  VALUES (8516238, 'Voluptas et laboriosam quibusdam sunt te', 'Eos magni quas pariatur temporibus blanditiis enim. Commodi sed facilis cumque aut facilis expedita quo. Rerum assumenda minus sequi id dolores repellat enim id.', '1976-11-08', '1999-05-01', 39.68, 633, 4, 86, 42);
INSERT INTO eventos  VALUES (8572979, 'Suscipit dolor in quidem.', 'Corporis dolorem iste a qui ut quo. Error eligendi inventore fuga ut non possimus et sed. Fuga consequatur architecto voluptates atque laudantium laboriosam itaque. Sapiente eos cupiditate eos dolorem.', '1975-09-03', '2012-07-02', 15.61, 316, 10, 13, 49);
INSERT INTO eventos  VALUES (8698876, 'Ipsam corporis ducimus nobis esse tenetu', 'Nihil quibusdam ut minus quia ut hic quasi. Cupiditate architecto asperiores quis nulla. Magni delectus distinctio quas molestias corporis pariatur. Blanditiis praesentium sed ipsa odio.', '1992-03-07', '1970-08-12', 26.52, 567, 1, 73, 81);
INSERT INTO eventos  VALUES (8757412, 'Neque necessitatibus qui dolorum volupta', 'Voluptas enim voluptatem laboriosam culpa. Non sit qui quia maxime blanditiis voluptate. Adipisci laboriosam dolorum eum adipisci eius.', '2015-12-29', '1993-01-05', 36.59, 795, 5, 50, 36);
INSERT INTO eventos  VALUES (9007221, 'Laborum doloremque quia voluptatum et fa', 'Aut cumque consequatur amet quis odio. Optio sit molestiae non et illo quia hic hic. Quo rerum qui iusto animi neque ut aliquid.', '2017-01-11', '1980-03-25', 3.43, 986, 10, 98, 19);
INSERT INTO eventos  VALUES (9247219, 'Recusandae reiciendis aut rerum possimus', 'Quos dolores quo sit aperiam esse praesentium. Dolor aspernatur soluta quae quo laudantium. Vero ullam rem rerum voluptas nobis at. Illo laborum animi voluptates in esse. Tempora omnis neque dolorem a at et.', '1994-10-04', '1997-08-15', 39.54, 63, 4, 33, 33);
INSERT INTO eventos  VALUES (9336663, 'Dolore unde tempora ut maiores et praese', 'Harum itaque ad eum officia dolores neque. Et reprehenderit fugiat rerum. Dolor laboriosam placeat animi nesciunt perferendis laborum.', '1989-04-05', '2002-01-11', 31.66, 583, 10, 74, 86);
INSERT INTO eventos  VALUES (9392965, 'Deserunt voluptatem non repellat sunt al', 'Quia numquam impedit molestiae quae. Dolor recusandae cum labore sint et magni. Consequuntur quas animi laboriosam minus rerum.', '2002-05-10', '1989-12-29', 25.29, 493, 6, 10, 21);
INSERT INTO eventos  VALUES (9456680, 'Consequuntur vel placeat et provident au', 'Quod cumque quo iusto sit nesciunt aut. Delectus aut dolores excepturi. Soluta quam in quod ratione esse itaque omnis. Facilis animi ut eos id earum consectetur.', '1973-08-20', '2012-06-12', 15.26, 189, 7, 14, 89);
INSERT INTO eventos  VALUES (9506973, 'Autem voluptas a occaecati fugiat atque ', 'Dicta aut facere voluptas laboriosam qui et sed. Sapiente deleniti quas veritatis adipisci sit. Tempora culpa sed id iste in non. Aut eligendi deleniti quae dignissimos quasi inventore.', '1988-01-03', '1970-10-22', 19.05, 909, 2, 65, 41);
INSERT INTO eventos  VALUES (9558105, 'Aliquam velit illum est sint id nesciunt', 'Voluptas illo doloribus dolorem alias iste dolorem. Et est aut in nobis.', '2003-10-03', '2018-01-05', '27.46', 925, 9, 75, 21);
INSERT INTO eventos  VALUES (9728998, 'Incidunt sed illo totam possimus cum dol', 'Quae a consequatur optio perspiciatis quia omnis. Qui assumenda ea vero est corporis amet. Veritatis cum libero deleniti dolores.', '2013-11-20', '2008-02-02', 24.14, 132, 1, 63, 63);
INSERT INTO eventos  VALUES (9794826, 'Ex voluptatibus debitis sit reprehenderi', 'Ab distinctio fuga voluptate ut. Repellat molestiae quia quia vel facilis. Nesciunt accusamus reiciendis quia. Autem in eligendi neque minus.', '2005-02-26', '2012-12-12', 21.17, 182, 5, 98, 25);
INSERT INTO eventos  VALUES (9807075, 'Facilis ea sapiente qui eum.', 'Vitae labore sed atque placeat est natus qui. Culpa ab omnis tempora consequatur.', '1975-11-27', '1976-01-02', 31.17, 464, 6, 79, 64);
INSERT INTO eventos  VALUES (9823284, 'Sit at nisi impedit vel.', 'Porro velit itaque deleniti occaecati quos. Sit dolor sed voluptatibus aut eligendi aliquid. Eligendi non reprehenderit voluptatem enim quos mollitia nobis.', '2011-02-02', '1982-08-09', 20.22, 154, 6, 46, 47);
INSERT INTO eventos  VALUES (9834217, 'Quis harum omnis voluptatum voluptate ip', 'Qui nobis totam rerum ducimus. Voluptate debitis voluptatem saepe enim voluptatem vitae ipsam. Odio illo et ut ab. Sed magnam expedita ipsum fuga earum.', '2012-05-20', '1978-03-29', 26.53, 274, 6, 94, 32);

INSERT INTO chats  VALUES (1338224, '2012-08-25 22:34:54', 4767072, 9485626);
INSERT INTO chats  VALUES (3157806, '2005-06-08 12:33:47', 1033879, 9485626);
INSERT INTO chats  VALUES (3986253, '2004-08-14 15:22:35', 1447893, 9485626);
INSERT INTO chats  VALUES (6439313, '2016-06-03 03:39:59', 2939388, 9485626);
INSERT INTO chats  VALUES (7168946, '1993-09-17 19:18:28', 4690374, 9485626);
INSERT INTO chats  VALUES (7453090, '1970-01-19 08:33:57', 1609971, 9485626);
INSERT INTO chats  VALUES (7758726, '1979-06-02 00:29:11', 4485295, 9485626);
INSERT INTO chats  VALUES (8746746, '1989-10-25 04:56:56', 4895756, 9485626);
INSERT INTO chats  VALUES (9253027, '1977-12-06 19:58:26', 2525549, 9485626);
INSERT INTO chats  VALUES (9882509, '2019-03-06 23:26:53', 1148279, 9485626);

INSERT INTO mensajes  VALUES (1338224, '1971-09-17 02:12:10', 5630168, 'Velit aliquid omnis necessitatibus aut cum voluptas aut. Asperiores qui consectetur nihil enim qui. Eos asperiores consequuntur corporis delectus aut earum dolorum. Consequatur similique nisi consequatur.');
INSERT INTO mensajes  VALUES (1338224, '1972-03-17 22:24:16', 5630168, 'Ut impedit voluptas commodi ut voluptatem ipsa aut earum. Voluptatem fugit voluptates est quas ipsum. Cum voluptates eveniet natus.');
INSERT INTO mensajes  VALUES (1338224, '1982-01-28 10:54:44', 1033879, 'Asperiores reprehenderit architecto neque hic corporis. Non numquam voluptas et cupiditate rerum eius. A pariatur quis mollitia qui fuga ea. Molestias autem ratione animi distinctio cumque tempore non. Non recusandae sit quas et optio cum.');
INSERT INTO mensajes  VALUES (1338224, '1988-03-06 12:10:23', 5630168, 'Cupiditate dicta consectetur qui qui. Earum ut dolor neque delectus. Ea expedita repellat hic aliquam. Aut cum eos quos aut.');
INSERT INTO mensajes  VALUES (1338224, '1990-06-22 10:32:34', 1033879, 'Dolores eaque cumque temporibus repellendus consectetur eius. Ullam corrupti velit fuga quaerat modi quis. Libero vitae aliquid quam eum quo natus soluta blanditiis.');
INSERT INTO mensajes  VALUES (1338224, '1992-09-05 20:41:45', 5630168, 'Porro eligendi dolorum adipisci rerum necessitatibus magni quam ex. Veritatis ipsum velit et numquam placeat. Quibusdam temporibus dolores accusantium rem recusandae. Ea libero omnis adipisci id hic neque rem.');
INSERT INTO mensajes  VALUES (1338224, '2000-07-05 14:19:07', 1033879, 'Ullam dolorem voluptate et nulla minus. Ut earum quia tempora molestiae. Non id unde saepe eum dignissimos modi voluptatibus.');
INSERT INTO mensajes  VALUES (1338224, '2007-11-01 15:26:31', 1033879, 'Odio aut officia aliquam rerum et. Ducimus voluptatem repellendus reprehenderit molestiae doloremque assumenda. Vero deserunt nam quam impedit molestiae magni. Consequatur quas maiores id repellendus.');
INSERT INTO mensajes  VALUES (1338224, '2013-03-27 02:58:29', 1033879, 'Cum placeat porro inventore non et. Rem rerum esse voluptatibus fugiat in tempora saepe placeat.');
INSERT INTO mensajes  VALUES (1338224, '2020-04-24 12:44:59', 5630168, 'Nisi tempore beatae fugit quaerat. Dolorum eveniet sed in et. Laudantium sunt ad et harum provident qui optio. Blanditiis eveniet eos repellendus inventore pariatur nihil voluptatem.');
INSERT INTO mensajes  VALUES (3157806, '1974-05-01 02:25:02', 5634881, 'Molestiae tempora illo consectetur doloremque sint ex aliquid. Consequuntur consectetur tempora ut similique est. Illo accusamus fugit ut mollitia iure omnis.');
INSERT INTO mensajes  VALUES (3157806, '1976-02-25 09:17:59', 1148279, 'Quisquam sed molestiae quasi facilis. Rerum corporis odit minima. Sit repudiandae qui voluptatem occaecati adipisci perspiciatis ut. Repellat et officiis sit aut ea.');
INSERT INTO mensajes  VALUES (3157806, '1981-05-25 00:23:12', 5634881, 'Nisi voluptatem repudiandae ducimus iure sit. Consequatur labore incidunt itaque aliquam maxime. Dolores aut adipisci nesciunt molestiae.');
INSERT INTO mensajes  VALUES (3157806, '1982-03-03 14:19:05', 1148279, 'Dolor velit similique iste distinctio consequatur vero rerum. Error molestiae itaque incidunt ut ab. Velit ea reiciendis consequatur ut.');
INSERT INTO mensajes  VALUES (3157806, '1998-05-31 03:45:51', 5634881, 'Est officia pariatur aut et. Ut nisi excepturi quisquam nihil vel enim. Nihil rerum enim cum voluptas. Soluta sit dicta enim.');
INSERT INTO mensajes  VALUES (3157806, '2001-02-20 13:46:56', 5634881, 'Et omnis eligendi ratione sed. Eum necessitatibus et possimus culpa placeat aut.');
INSERT INTO mensajes  VALUES (3157806, '2003-03-23 02:41:35', 1148279, 'Corporis corporis dolores aliquid et est natus quo quasi. Reprehenderit necessitatibus iste occaecati velit tempore.');
INSERT INTO mensajes  VALUES (3157806, '2006-08-11 16:08:53', 1148279, 'Et perspiciatis unde officiis eos est. Et doloribus adipisci molestias voluptatum. Quas facilis tenetur sint rem.');
INSERT INTO mensajes  VALUES (3157806, '2014-02-19 03:28:14', 1148279, 'Esse est odit laborum fugit nobis reiciendis. Vitae rerum adipisci sit dolores nihil et eum. Quos voluptatem velit enim nihil. Eius earum voluptatem eum quia molestiae.');
INSERT INTO mensajes  VALUES (3157806, '2019-06-24 23:03:45', 5634881, 'Suscipit quibusdam sapiente dolor sapiente sed. Nisi quisquam voluptatem ut corporis. Veniam consectetur est magni voluptas magnam ipsum occaecati. Saepe odio natus ducimus enim numquam nulla tempore.');
INSERT INTO mensajes  VALUES (3986253, '1970-11-28 07:31:59', 6654497, 'Beatae sapiente voluptate quas qui. Corrupti est ex explicabo veritatis velit aut dolores. Ut aut exercitationem ducimus voluptates aspernatur.');
INSERT INTO mensajes  VALUES (3986253, '1973-07-19 14:29:00', 1447893, 'Voluptatum velit quis eum doloribus. Culpa sit quia excepturi mollitia voluptatem. Ullam voluptatem ut harum voluptates ut voluptates voluptate eius. Consequuntur inventore neque ut perspiciatis illum cumque.');
INSERT INTO mensajes  VALUES (3986253, '1974-01-02 03:18:35', 6654497, 'Beatae tenetur facilis atque alias et. Minima ut laudantium quia est voluptatum. Nesciunt molestiae perspiciatis dolore voluptatem enim dolorem quia.');
INSERT INTO mensajes  VALUES (3986253, '1976-11-27 03:44:39', 1447893, 'Delectus dolor aperiam officia velit labore. Est et doloremque dolorem dolores omnis quis. Voluptatem libero architecto et repudiandae.');
INSERT INTO mensajes  VALUES (3986253, '1983-04-17 09:52:54', 6654497, 'Voluptates voluptatum laboriosam corrupti culpa dignissimos quo est. Dignissimos et sit corrupti vel dicta. Perspiciatis nulla ad sit vel ea consequatur et.');
INSERT INTO mensajes  VALUES (3986253, '1995-11-17 06:09:51', 1447893, 'Architecto ut quasi facere id aperiam aut. Corrupti hic architecto eum. Et quaerat quo eius consequatur. Qui reprehenderit iste tenetur inventore eveniet repellat vitae.');
INSERT INTO mensajes  VALUES (3986253, '2005-07-28 19:56:04', 1447893, 'Quia hic odio deserunt ut placeat tenetur. Et iste voluptas quibusdam vel rerum. Et consectetur sunt delectus alias.');
INSERT INTO mensajes  VALUES (3986253, '2006-02-15 02:06:35', 6654497, 'Laborum cupiditate dolor delectus nemo qui a. Cupiditate voluptatum et aut sint nostrum minima molestiae. Esse consequatur odio consequuntur fugit natus perferendis.');
INSERT INTO mensajes  VALUES (3986253, '2012-09-17 21:59:11', 6654497, 'Aut quos quibusdam cum qui pariatur corrupti. Quae fuga architecto saepe natus rerum ea nihil. Quis aut dolores nulla.');
INSERT INTO mensajes  VALUES (3986253, '2020-03-07 23:33:03', 1447893, 'Distinctio ut et tempora atque totam. Qui sed quis illum asperiores rem. Neque explicabo nisi eveniet qui. Necessitatibus modi veniam velit et voluptatem corporis.');
INSERT INTO mensajes  VALUES (6439313, '1973-11-03 07:58:09', 6778394, 'Dolore aut repudiandae quisquam sit ullam velit et. Animi est et exercitationem. Nostrum ut numquam porro molestiae qui necessitatibus.');
INSERT INTO mensajes  VALUES (6439313, '1980-04-21 13:35:31', 1609971, 'Veritatis consequatur fugit perferendis reprehenderit dolorum molestias et. Repellendus laboriosam et dolores adipisci molestiae dicta eius. Deleniti consectetur animi ipsa tempore tempora rem. Recusandae dignissimos velit vel sint quisquam molestias. Ips');
INSERT INTO mensajes  VALUES (6439313, '1981-11-04 17:16:53', 1609971, 'Ad dolorem temporibus impedit sit quasi ipsam repellat. Unde vel ipsam sed nam labore illo atque. Occaecati soluta nobis et sunt nisi. Accusamus est et repellat eos possimus at.');
INSERT INTO mensajes  VALUES (6439313, '1982-05-10 02:58:43', 1609971, 'Facilis dolore animi velit. Et sed dolor sint facilis. Blanditiis minima in quisquam totam voluptatem. Et nihil neque eos.');
INSERT INTO mensajes  VALUES (6439313, '1983-08-28 09:02:08', 6778394, 'Cum qui error quibusdam quam repellat. Nihil dolores eum dolorem. Sint nam consectetur accusamus adipisci adipisci.');
INSERT INTO mensajes  VALUES (6439313, '1990-02-22 12:41:06', 1609971, 'Modi sunt qui officiis mollitia repellendus. Sint in ut a alias atque. Eum necessitatibus debitis voluptatem aut a quidem quis. Vel vitae alias velit corporis rerum tempora sunt.');
INSERT INTO mensajes  VALUES (6439313, '1994-02-26 18:26:26', 6778394, 'Sed fugit eos repellat rem fugit. Earum officiis officia deleniti iste consequuntur dolorum necessitatibus. Magnam consequatur at amet voluptatem.');
INSERT INTO mensajes  VALUES (6439313, '2006-08-24 09:57:07', 6778394, 'Non iusto aliquid deserunt tempore eius nulla molestiae. Corrupti temporibus molestias aut. Qui architecto ut maiores.');
INSERT INTO mensajes  VALUES (6439313, '2007-07-13 19:16:08', 6778394, 'Quae sed consectetur dolorem. Aut harum recusandae voluptatem quasi dicta et repellat. Laudantium consequatur delectus nam. Vel perferendis quis cupiditate consectetur est facilis sed suscipit.');
INSERT INTO mensajes  VALUES (6439313, '2020-05-22 10:13:10', 1609971, 'Nam rerum quam sint nostrum ea. Consequatur temporibus blanditiis officia molestiae molestias consequuntur repellat. Maxime voluptatem nam distinctio quibusdam et sed ut. Qui reprehenderit eaque repudiandae dolores aut voluptas.');
INSERT INTO mensajes  VALUES (7168946, '1973-05-21 09:38:28', 7282539, 'Veritatis quidem non non possimus consectetur cum qui iusto. Ducimus corrupti deserunt aut voluptate ratione eveniet quia. Quae eum incidunt voluptas deleniti quae. Voluptatem neque placeat earum sed est fuga nobis.');
INSERT INTO mensajes  VALUES (7168946, '1983-11-18 12:23:57', 7282539, 'Qui tempora deserunt eum assumenda praesentium sed aut. Optio ipsam molestiae tempora. Quis adipisci ducimus ut eveniet qui excepturi exercitationem qui. Corrupti voluptas totam voluptas alias consequatur modi accusantium.');
INSERT INTO mensajes  VALUES (7168946, '1985-05-11 02:50:30', 2525549, 'Explicabo corporis sequi et deserunt. Voluptatum architecto et temporibus quam. Nesciunt architecto quae dolor quia laudantium voluptas voluptatem.');
INSERT INTO mensajes  VALUES (7168946, '1988-06-05 00:10:52', 2525549, 'Quaerat exercitationem aliquam est et doloremque rerum. Odit officia libero dolores cum quisquam. Et quibusdam consectetur et nobis quos vitae. Omnis doloremque fuga assumenda tempora in dicta tempora.');
INSERT INTO mensajes  VALUES (7168946, '1988-11-04 18:33:37', 7282539, 'Placeat nulla atque quam deserunt deleniti quidem. Quos recusandae eum quia et id repudiandae. Delectus magnam omnis ut doloremque vero omnis.');
INSERT INTO mensajes  VALUES (7168946, '1989-09-02 04:07:04', 2525549, 'Praesentium animi cumque sint impedit. Et voluptatibus quae et qui.');
INSERT INTO mensajes  VALUES (7168946, '1990-06-27 13:44:20', 7282539, 'Aut porro sunt omnis cumque minus repellendus. Tenetur dolorem aliquam sed velit quo. Ipsam illum quis dignissimos fugit doloremque et.');
INSERT INTO mensajes  VALUES (7168946, '2008-02-11 13:38:16', 7282539, 'Amet rerum et dolores aut. Eum temporibus nihil eius quos. Autem ea quis consectetur facilis odit. Ipsa eum voluptatem dolores doloribus excepturi consequuntur placeat laboriosam.');
INSERT INTO mensajes  VALUES (7168946, '2015-11-29 21:19:37', 2525549, 'Aut eum nobis expedita adipisci quia. Iste aperiam dolorem ut natus enim. Dicta veritatis dolor iusto cum. Ut temporibus ex at aut et.');
INSERT INTO mensajes  VALUES (7168946, '2020-08-17 22:23:17', 2525549, 'Sit dolorem dolorem voluptatem libero. Non illo sit voluptates quo dolorum consequatur sunt quaerat. Et aspernatur illum magni eum molestiae. Consequatur voluptas pariatur cumque id commodi velit animi eos.');
INSERT INTO mensajes  VALUES (7453090, '1970-02-16 18:10:53', 2939388, 'Iusto voluptatem molestiae veniam quia et facilis placeat. Qui pariatur debitis voluptatem laudantium nostrum veritatis suscipit laboriosam. Et quo non non architecto facilis.');
INSERT INTO mensajes  VALUES (7453090, '1981-12-23 14:56:10', 8238956, 'Suscipit ut enim quod et eveniet blanditiis. Nobis magnam at et suscipit magnam ut. Ex vel rerum sint quisquam ut. Sunt aut nulla atque voluptas.');
INSERT INTO mensajes  VALUES (7453090, '1988-04-23 22:25:21', 2939388, 'Accusantium adipisci placeat aspernatur veritatis exercitationem. Ex porro est consequuntur veniam enim eius ipsam. Ea facilis sed ducimus rerum corrupti.');
INSERT INTO mensajes  VALUES (7453090, '1989-09-15 06:13:56', 8238956, 'Velit itaque animi corporis et ut repellendus. Commodi voluptates quia modi dolore deleniti vel quasi.');
INSERT INTO mensajes  VALUES (7453090, '1990-02-04 22:32:48', 2939388, 'Ducimus consequatur est culpa temporibus nisi inventore. Doloribus et ad aut. Nulla consequatur necessitatibus at est adipisci est enim. Molestias eum fugiat atque sint sapiente quia.');
INSERT INTO mensajes  VALUES (7453090, '2004-01-06 04:05:08', 8238956, 'Perferendis explicabo voluptatem incidunt eius cupiditate. Ad consequatur voluptatem repellendus non cum. Quam consectetur placeat non omnis.');
INSERT INTO mensajes  VALUES (7453090, '2006-12-14 17:48:38', 2939388, 'Fuga maxime incidunt corrupti iure debitis incidunt. Quis ut assumenda natus dolor sed quis maxime. Dolore eum aut saepe culpa eum rerum. Odit dolor delectus blanditiis eaque reprehenderit nam deserunt quasi. Rem aspernatur sed et ut.');
INSERT INTO mensajes  VALUES (7453090, '2009-04-09 10:59:39', 8238956, 'Ut est debitis inventore non maiores fugiat voluptatem. Et cumque autem et voluptatem. Quia rerum voluptatem cupiditate dolor. Dolor eius ut ipsa voluptates illo quaerat id. Ducimus praesentium rerum quasi culpa libero fuga velit.');
INSERT INTO mensajes  VALUES (7453090, '2009-12-08 02:23:14', 8238956, 'Dicta voluptatem mollitia minima aspernatur. Nam deserunt voluptatem qui ut culpa ut. Quibusdam quasi ut minus ut fugit non.');
INSERT INTO mensajes  VALUES (7453090, '2012-04-12 08:02:08', 2939388, 'Dolor asperiores quae sunt consectetur. Reiciendis officia illum vero et. Deserunt ex beatae omnis enim ex consectetur. Distinctio neque eos non aspernatur perspiciatis. Maiores quos nesciunt ex consequuntur.');
INSERT INTO mensajes  VALUES (7758726, '1981-07-07 04:31:18', 4485295, 'A quos exercitationem quia et. Eos eos est quae voluptatibus deleniti est qui. Sed asperiores impedit autem laudantium quasi quos. Possimus blanditiis voluptates labore corrupti libero porro voluptatem.');
INSERT INTO mensajes  VALUES (7758726, '1982-03-30 17:29:01', 4485295, 'Modi cupiditate vel ut harum reprehenderit ea nihil. Quidem a consequatur maiores in eum. Consequuntur placeat tempora deleniti molestias. Velit quis porro vel quia repudiandae ut.');
INSERT INTO mensajes  VALUES (7758726, '1982-09-20 13:35:46', 8259677, 'Sunt laboriosam quo minima dolor eum eos consequatur. Quisquam vitae ad et non et itaque ut nobis. Veniam enim at ut voluptas officia non perferendis. Optio quia at in consequatur.');
INSERT INTO mensajes  VALUES (7758726, '1986-01-22 15:01:42', 8259677, 'Iusto totam ut velit quis neque non. Et eos facere quisquam veritatis. Consequatur dolorem et voluptas voluptas deleniti.');
INSERT INTO mensajes  VALUES (7758726, '1992-11-24 10:23:16', 4485295, 'Sapiente quia consequatur voluptate quia. Inventore ipsum ipsam laudantium repudiandae. Alias consequuntur voluptatem molestias non. Qui voluptates at nobis debitis illum minima.');
INSERT INTO mensajes  VALUES (7758726, '2008-07-05 06:57:55', 4485295, 'Ea incidunt possimus voluptatem dicta sed consequatur possimus. Facilis nemo aut in animi. Cupiditate et earum placeat natus aliquid amet est. Cum ut at nulla eaque sint.');
INSERT INTO mensajes  VALUES (7758726, '2012-07-05 12:35:41', 4485295, 'Alias qui vel magnam voluptatem. Nisi blanditiis minus quas. Est modi veniam aut officiis et. Aliquid maxime hic exercitationem ab et eum molestias et.');
INSERT INTO mensajes  VALUES (7758726, '2014-04-01 14:11:30', 8259677, 'Vel nihil quidem quaerat aperiam asperiores. Ratione hic magni et totam. Voluptatibus nam qui delectus laborum quo possimus fugit aut. Eius ut incidunt animi vel.');
INSERT INTO mensajes  VALUES (7758726, '2015-01-02 08:37:24', 8259677, 'Minima veritatis adipisci numquam esse nisi dolorem inventore. Nisi quidem blanditiis quisquam quasi recusandae provident repellat veritatis. Nobis officia quasi similique rerum velit doloremque. Nihil sunt et asperiores rerum voluptatem nemo. Suscipit ni');
INSERT INTO mensajes  VALUES (7758726, '2015-07-25 00:30:53', 8259677, 'Suscipit unde quas asperiores omnis at repellat repudiandae. Aut nostrum consectetur facere incidunt minima. Sequi et ipsum ullam dolor ratione nihil. Vel vero magnam quas omnis provident dolorem. Esse nemo illum sint perspiciatis et.');
INSERT INTO mensajes  VALUES (8746746, '1970-03-12 00:50:36', 4690374, 'Voluptas quidem nam at iste animi. Quam omnis fugiat atque. Magni reprehenderit quod ut ea qui quam facere. Perferendis perspiciatis est corrupti sed perferendis.');
INSERT INTO mensajes  VALUES (8746746, '1973-08-15 19:59:05', 8823891, 'Quaerat sed non doloribus molestias. Atque esse occaecati tenetur autem eveniet ratione delectus. Reiciendis non quia qui optio vitae. Neque voluptas et doloribus iusto.');
INSERT INTO mensajes  VALUES (8746746, '1981-09-08 11:41:01', 8823891, 'Vel et ab pariatur et amet eius. Assumenda cumque et nesciunt porro. Est rem illum laudantium.');
INSERT INTO mensajes  VALUES (8746746, '1991-07-18 17:41:41', 4690374, 'Beatae sint non animi aut in dolorum beatae. Corrupti quibusdam nisi libero eius et quibusdam. Assumenda et accusamus unde earum dicta quam.');
INSERT INTO mensajes  VALUES (8746746, '1991-10-24 05:49:36', 4690374, 'Officiis quam facere fugiat et. Soluta rerum reiciendis id non quidem et. Voluptatem beatae sunt nam enim debitis dolorem possimus.');
INSERT INTO mensajes  VALUES (8746746, '1993-11-30 15:23:40', 8823891, 'Iure enim culpa incidunt quasi tempore consectetur. Eum consequatur sit possimus natus rerum modi quia. Magnam est iure officia saepe.');
INSERT INTO mensajes  VALUES (8746746, '1996-06-26 10:46:42', 4690374, 'Dolorum ut quae et. Vel possimus quam dolorem. Aliquam ipsa quia nostrum aliquam et sed velit rerum. Reprehenderit dolor praesentium dolores odit.');
INSERT INTO mensajes  VALUES (8746746, '2002-01-12 12:18:11', 8823891, 'Voluptatem sit illo autem ab. Ipsa id rerum est ipsum magni aliquid repudiandae.');
INSERT INTO mensajes  VALUES (8746746, '2005-02-14 04:21:38', 8823891, 'In libero doloribus occaecati quaerat praesentium temporibus. Quis quo ad illum accusamus esse autem. Distinctio provident in est repudiandae explicabo non suscipit.');
INSERT INTO mensajes  VALUES (8746746, '2010-04-17 00:11:14', 4690374, 'Hic molestiae et in in. Rerum quis magni quis id voluptatum ut dicta. Illum soluta impedit sed. Qui saepe accusantium voluptates dolor.');
INSERT INTO mensajes  VALUES (9253027, '1973-03-14 14:19:43', 4767072, 'Consequatur possimus rem voluptatem omnis. Harum voluptatibus molestiae iusto nemo. Totam et aut qui amet.');
INSERT INTO mensajes  VALUES (9253027, '1975-10-12 19:48:24', 8962212, 'In nemo dolorum qui vitae. Nam dolor aut quia voluptatum omnis. Voluptatem distinctio eveniet ea voluptas. Assumenda unde magnam consequatur unde voluptas.');
INSERT INTO mensajes  VALUES (9253027, '1985-01-02 02:53:20', 4767072, 'Repellat laborum expedita eius quia necessitatibus voluptatem est. Reprehenderit cum repellendus provident natus. Illum dolorum autem ipsam eius corporis qui nam. Cumque atque qui minus.');
INSERT INTO mensajes  VALUES (9253027, '1987-01-30 09:52:57', 8962212, 'Quibusdam aut illum accusantium quia. Voluptatem repudiandae reprehenderit officia repellendus iusto atque. Itaque ut ipsum aut cum quo. Pariatur quia perspiciatis sequi fuga blanditiis labore nihil. Sint nulla laboriosam at tenetur.');
INSERT INTO mensajes  VALUES (9253027, '1994-11-29 11:05:28', 8962212, 'Ut est et culpa omnis excepturi. Deleniti ea iusto est ipsam doloremque accusantium. Quam asperiores dicta perspiciatis qui perferendis dolor exercitationem.');
INSERT INTO mensajes  VALUES (9253027, '1995-10-18 09:33:08', 4767072, 'Quaerat sed et fugit repellat. Vitae deserunt vel iure culpa recusandae voluptatem qui ea. Animi quibusdam aut magni beatae voluptatem et.');
INSERT INTO mensajes  VALUES (9253027, '2000-09-23 08:47:55', 8962212, 'Sapiente repudiandae a ut vero provident ducimus dolorem. Quam nihil quas pariatur perspiciatis et asperiores. Eos sint nemo placeat hic ut et voluptatum.');
INSERT INTO mensajes  VALUES (9253027, '2009-11-16 03:09:15', 8962212, 'Molestiae facere quae inventore ut aspernatur accusamus. Voluptatibus in voluptatibus amet ullam laboriosam quasi. Aliquid aliquid exercitationem qui dolores quisquam. Omnis qui hic assumenda saepe rerum.');
INSERT INTO mensajes  VALUES (9253027, '2010-12-31 20:42:11', 4767072, 'Autem ipsum quibusdam harum nulla rerum nemo. Excepturi quos enim doloribus qui assumenda. Explicabo quia in sunt aliquid voluptate.');
INSERT INTO mensajes  VALUES (9253027, '2015-06-14 22:19:29', 4767072, 'In totam impedit consectetur quam fugiat nisi labore. Voluptate dolor velit aliquam ad sequi. Dicta rerum dolores saepe minima.');
INSERT INTO mensajes  VALUES (9882509, '1972-02-27 12:12:26', 4895756, 'Aut tempore et nihil natus. Optio labore animi exercitationem eum.');
INSERT INTO mensajes  VALUES (9882509, '1976-01-25 12:41:22', 9485626, 'Iure voluptas qui consequatur voluptatem corrupti nisi. Aut rerum ipsum dolorem enim sit. Aut qui ut in est ut eius sed. Iure qui numquam illum amet quasi fugit in.');
INSERT INTO mensajes  VALUES (9882509, '1977-10-23 10:37:24', 9485626, 'Sit eveniet non mollitia id fugit. Assumenda eum officiis quia nesciunt consequatur. Sunt repellat qui laudantium. Deserunt et officia vero dignissimos facilis.');
INSERT INTO mensajes  VALUES (9882509, '1983-04-10 07:03:03', 9485626, 'Labore eius consequatur voluptatibus esse. Ea laboriosam delectus unde. Est et architecto ut.');
INSERT INTO mensajes  VALUES (9882509, '1988-01-19 11:26:53', 9485626, 'Et qui quod amet ipsum voluptates expedita. Laborum facilis molestiae blanditiis explicabo omnis autem. Unde repellat eveniet illo ab.');
INSERT INTO mensajes  VALUES (9882509, '1995-01-31 23:44:38', 4895756, 'Quas nihil vero provident distinctio iusto eos dolor mollitia. Dolores cupiditate natus aut eaque quisquam necessitatibus.');
INSERT INTO mensajes  VALUES (9882509, '1996-08-14 13:20:44', 9485626, 'Laborum voluptate inventore maxime eum inventore vel quia. Voluptatem tempore ut velit qui perspiciatis expedita veniam eligendi. Odit commodi suscipit facere ea sit doloribus.');
INSERT INTO mensajes  VALUES (9882509, '1997-04-29 08:57:59', 4895756, 'Exercitationem tempore architecto ea aut. Aut tenetur voluptas aliquid voluptas ullam. Rerum accusamus ut voluptatem occaecati esse dolores. Iste voluptate corporis quia pariatur sed.');
INSERT INTO mensajes  VALUES (9882509, '2002-06-23 07:31:09', 4895756, 'Exercitationem similique adipisci illo veritatis quaerat. Est quo consequatur mollitia sed aliquam. Sequi vero illo laborum aperiam.');
INSERT INTO mensajes  VALUES (9882509, '2007-01-26 18:20:39', 4895756, 'Delectus alias quo est odit modi. Inventore animi quia molestiae sit soluta itaque et.');


INSERT INTO reservas  VALUES (0, 334289, 1447893, 1, 0, 0);
INSERT INTO reservas  VALUES (1, 334289, 1447893, 1, 0, 1);
INSERT INTO reservas  VALUES (2, 1016888, 4895756, 1, 0, 0);
INSERT INTO reservas  VALUES (3, 370008, 2525549, 1, 4, 6);
INSERT INTO reservas  VALUES (4, 310998, 1148279, 1, 8, 2);
INSERT INTO reservas  VALUES (5, 799512, 4767072, 1, 9, 8);
INSERT INTO reservas  VALUES (6, 246810, 1033879, 1, 2, 5);
INSERT INTO reservas  VALUES (7, 356147, 1609971, 1, 9, 7);
INSERT INTO reservas  VALUES (8, 798416, 4690374, 1, 2, 5);
INSERT INTO reservas  VALUES (10, 434930, 2939388, 1, 7, 2);


INSERT INTO etiquetas  VALUES (12, 'molestias', 3265438);
INSERT INTO etiquetas  VALUES (26, 'ut', 696502);
INSERT INTO etiquetas  VALUES (32, 'veniam', 1717552);
INSERT INTO etiquetas  VALUES (39, 'qui', 798416);
INSERT INTO etiquetas  VALUES (42, 'vero', 370008);
INSERT INTO etiquetas  VALUES (55, 'eum', 2171172);
INSERT INTO etiquetas  VALUES (58, 'repudiandae', 2768908);
INSERT INTO etiquetas  VALUES (59, 'aut', 3075310);
INSERT INTO etiquetas  VALUES (60, 'consequuntur', 1016888);
INSERT INTO etiquetas  VALUES (77, 'iusto', 356147);
INSERT INTO etiquetas  VALUES (82, 'dolores', 2406324);
INSERT INTO etiquetas  VALUES (88, 'aliquam', 2487196);
INSERT INTO etiquetas  VALUES (105, 'quia', 246810);
INSERT INTO etiquetas  VALUES (108, 'dolor', 1061871);
INSERT INTO etiquetas  VALUES (110, 'repellendus', 1889217);
INSERT INTO etiquetas  VALUES (113, 'et', 334289);
INSERT INTO etiquetas  VALUES (116, 'nihil', 1813222);
INSERT INTO etiquetas  VALUES (118, 'iste', 1021366);
INSERT INTO etiquetas  VALUES (122, 'officiis', 1622624);
INSERT INTO etiquetas  VALUES (128, 'autem', 3028958);
INSERT INTO etiquetas  VALUES (129, 'deleniti', 434930);
INSERT INTO etiquetas  VALUES (138, 'velit', 1803560);
INSERT INTO etiquetas  VALUES (153, 'fuga', 3293425);
INSERT INTO etiquetas  VALUES (158, 'corporis', 310998);
INSERT INTO etiquetas  VALUES (160, 'cum', 3210561);
INSERT INTO etiquetas  VALUES (172, 'ea', 799512);
INSERT INTO etiquetas  VALUES (189, 'eligendi', 1558073);
INSERT INTO etiquetas  VALUES (191, 'voluptatem', 2246840);
INSERT INTO etiquetas  VALUES (195, 'saepe', 1153983);
INSERT INTO etiquetas  VALUES (197, 'in', 3196390);



